Max_depth,Accuracy
1,0.68828125
2,0.79921875
3,0.88046875
4,0.91796875
5,0.921875
6,0.940625
7,0.94375